{"11048":{"type":3,"description":"制作美杜莎人装备所需的卷轴","id":11048,"info":"记载美杜莎制造装备所用的技术。","name":"美杜莎之眼图纸","stack_number":99,"price":10,"usable":0,"icon":"11048","quality":3},"11053":{"type":3,"description":"制作独眼巨人人装备所需的卷轴","id":11053,"info":"记载独眼巨人制造装备所用的技术。","name":"独眼巨人之靴图纸","stack_number":99,"price":10,"usable":0,"icon":"11053","quality":3},"11128":{"type":3,"description":"制作复仇女神人装备所需的卷轴","id":11128,"info":"记载复仇女神制造装备所用的技术。","name":"复仇女神之眼图纸","stack_number":99,"price":10,"usable":0,"icon":"11128","quality":5},"11065":{"type":3,"description":"制作米诺陶人装备所需的卷轴","id":11065,"info":"记载米诺陶制造装备所用的技术。","name":"米诺陶之剑图纸","stack_number":99,"price":10,"usable":0,"icon":"11065","quality":4},"11152":{"type":3,"description":"制作哈迪斯人装备所需的卷轴","id":11152,"info":"记载哈迪斯制造装备所用的技术。","name":"哈迪斯之甲图纸","stack_number":99,"price":10,"usable":0,"icon":"11152","quality":5},"11135":{"type":3,"description":"制作死神人装备所需的卷轴","id":11135,"info":"记载死神制造装备所用的技术。","name":"死神之剑图纸","stack_number":99,"price":10,"usable":0,"icon":"11135","quality":5},"11153":{"type":3,"description":"制作哈迪斯人装备所需的卷轴","id":11153,"info":"记载哈迪斯制造装备所用的技术。","name":"哈迪斯之靴图纸","stack_number":99,"price":10,"usable":0,"icon":"11153","quality":5},"11111":{"type":3,"description":"制作阿特拉斯人装备所需的卷轴","id":11111,"info":"记载阿特拉斯制造装备所用的技术。","name":"阿特拉斯之盔图纸","stack_number":99,"price":10,"usable":0,"icon":"11111","quality":5},"11174":{"type":3,"description":"制作奥丁人装备所需的卷轴","id":11174,"info":"记载奥丁制造装备所用的技术。","name":"奥丁之枪图纸","stack_number":99,"price":10,"usable":0,"icon":"11174","quality":5},"14042":{"type":4,"description":"法师技能【烈焰怒涛】的进阶卷轴","id":14042,"info":"记载毁灭核爆技能的卷轴","name":"毁灭核爆技能卷轴","stack_number":99,"price":10,"usable":0,"icon":"14042","quality":5},"13033":{"type":3,"description":"射手升阶4级材料","id":13033,"info":"天蝎座对射手的认可。","name":"天蝎座之弦","stack_number":99,"price":10,"usable":0,"icon":"13033","quality":5},"11143":{"type":3,"description":"制作波塞冬人装备所需的卷轴","id":11143,"info":"记载波塞冬制造装备所用的技术。","name":"波塞冬之靴图纸","stack_number":99,"price":10,"usable":0,"icon":"11143","quality":5},"11157":{"type":3,"description":"制作哈迪斯人装备所需的卷轴","id":11157,"info":"记载哈迪斯制造装备所用的技术。","name":"哈迪斯之杖图纸","stack_number":99,"price":10,"usable":0,"icon":"11157","quality":5},"11074":{"type":3,"description":"制作海格力斯人装备所需的卷轴","id":11074,"info":"记载海格力斯制造装备所用的技术。","name":"海格力斯之枪图纸","stack_number":99,"price":10,"usable":0,"icon":"11074","quality":4},"11022":{"type":3,"description":"制作斯巴达人装备所需的卷轴","id":11022,"info":"记载斯巴达人制造装备所用的技术。","name":"斯巴达之甲图纸","stack_number":99,"price":10,"usable":0,"icon":"11022","quality":2},"11045":{"type":3,"description":"制作美杜莎人装备所需的卷轴","id":11045,"info":"记载美杜莎制造装备所用的技术。","name":"美杜莎之剑图纸","stack_number":99,"price":10,"usable":0,"icon":"11045","quality":3},"11151":{"type":3,"description":"制作哈迪斯人装备所需的卷轴","id":11151,"info":"记载哈迪斯制造装备所用的技术。","name":"哈迪斯之盔图纸","stack_number":99,"price":10,"usable":0,"icon":"11151","quality":5},"11183":{"type":3,"description":"制作盖亚人装备所需的卷轴","id":11183,"info":"记载盖亚制造装备所用的技术。","name":"盖亚之靴图纸","stack_number":99,"price":10,"usable":0,"icon":"11183","quality":5},"\u0000":{},"11186":{"type":3,"description":"制作盖亚人装备所需的卷轴","id":11186,"info":"记载盖亚制造装备所用的技术。","name":"盖亚之弓图纸","stack_number":99,"price":10,"usable":0,"icon":"11186","quality":5},"11145":{"type":3,"description":"制作波塞冬人装备所需的卷轴","id":11145,"info":"记载波塞冬制造装备所用的技术。","name":"波塞冬之剑图纸","stack_number":99,"price":10,"usable":0,"icon":"11145","quality":5},"11204":{"type":3,"description":"制作诸神黄昏人装备所需的卷轴","id":11204,"info":"记载诸神殿制造装备所用的技术。","name":"诸神黄昏之枪图纸","stack_number":99,"price":10,"usable":0,"icon":"11204","quality":5},"11031":{"type":3,"description":"制作半人马人装备所需的卷轴","id":11031,"info":"记载半人马制造装备所用的技术。","name":"半人马之盔图纸","stack_number":99,"price":10,"usable":0,"icon":"11031","quality":2},"13001":{"type":3,"description":"骑士升阶1级材料","id":13001,"info":"天龙座对骑士的认可。","name":"天龙座之守","stack_number":99,"price":10,"usable":0,"icon":"13001","quality":2},"11064":{"type":3,"description":"制作米诺陶人装备所需的卷轴","id":11064,"info":"记载米诺陶制造装备所用的技术。","name":"米诺陶之枪图纸","stack_number":99,"price":10,"usable":0,"icon":"11064","quality":4},"11029":{"type":3,"description":"制作斯巴达人装备所需的卷轴","id":11029,"info":"记载斯巴达人制造装备所用的技术。","name":"斯巴达之心图纸","stack_number":99,"price":10,"usable":0,"icon":"11029","quality":2},"11021":{"type":3,"description":"制作斯巴达人装备所需的卷轴","id":11021,"info":"记载斯巴达人制造装备所用的技术。","name":"斯巴达之盔图纸","stack_number":99,"price":10,"usable":0,"icon":"11021","quality":2},"11097":{"type":3,"description":"制作瓦尔基里人装备所需的卷轴","id":11097,"info":"记载瓦尔基里制造装备所用的技术。","name":"瓦尔基里之杖图纸","stack_number":99,"price":10,"usable":0,"icon":"11097","quality":4},"11149":{"type":3,"description":"制作波塞冬人装备所需的卷轴","id":11149,"info":"记载波塞冬制造装备所用的技术。","name":"波塞冬之心图纸","stack_number":99,"price":10,"usable":0,"icon":"11149","quality":5},"11182":{"type":3,"description":"制作盖亚人装备所需的卷轴","id":11182,"info":"记载盖亚制造装备所用的技术。","name":"盖亚之甲图纸","stack_number":99,"price":10,"usable":0,"icon":"11182","quality":5},"11164":{"type":3,"description":"制作宙斯人装备所需的卷轴","id":11164,"info":"记载宙斯制造装备所用的技术。","name":"宙斯之枪图纸","stack_number":99,"price":10,"usable":0,"icon":"11164","quality":5},"11209":{"type":3,"description":"制作诸神黄昏人装备所需的卷轴","id":11209,"info":"记载诸神殿制造装备所用的技术。","name":"诸神黄昏之心图纸","stack_number":99,"price":10,"usable":0,"icon":"11209","quality":5},"11193":{"type":3,"description":"制作克洛诺斯人装备所需的卷轴","id":11193,"info":"记载克洛诺斯制造装备所用的技术。","name":"克洛诺斯之靴图纸","stack_number":99,"price":10,"usable":0,"icon":"11193","quality":5},"11082":{"type":3,"description":"制作阿喀琉斯人装备所需的卷轴","id":11082,"info":"记载阿喀琉斯制造装备所用的技术。","name":"阿喀琉斯之甲图纸","stack_number":99,"price":10,"usable":0,"icon":"11082","quality":4},"11024":{"type":3,"description":"制作斯巴达人装备所需的卷轴","id":11024,"info":"记载斯巴达人制造装备所用的技术。","name":"斯巴达之枪图纸","stack_number":99,"price":10,"usable":0,"icon":"11024","quality":2},"11041":{"type":3,"description":"制作美杜莎人装备所需的卷轴","id":11041,"info":"记载美杜莎制造装备所用的技术。","name":"美杜莎之盔图纸","stack_number":99,"price":10,"usable":0,"icon":"11041","quality":3},"11099":{"type":3,"description":"制作瓦尔基里人装备所需的卷轴","id":11099,"info":"记载瓦尔基里制造装备所用的技术。","name":"瓦尔基里之心图纸","stack_number":99,"price":10,"usable":0,"icon":"11099","quality":4},"11132":{"type":3,"description":"制作死神人装备所需的卷轴","id":11132,"info":"记载死神制造装备所用的技术。","name":"死神之甲图纸","stack_number":99,"price":10,"usable":0,"icon":"11132","quality":5},"11199":{"type":3,"description":"制作克洛诺斯人装备所需的卷轴","id":11199,"info":"记载克洛诺斯制造装备所用的技术。","name":"克洛诺斯之心图纸","stack_number":99,"price":10,"usable":0,"icon":"11199","quality":5},"11156":{"type":3,"description":"制作哈迪斯人装备所需的卷轴","id":11156,"info":"记载哈迪斯制造装备所用的技术。","name":"哈迪斯之弓图纸","stack_number":99,"price":10,"usable":0,"icon":"11156","quality":5},"11069":{"type":3,"description":"制作米诺陶人装备所需的卷轴","id":11069,"info":"记载米诺陶制造装备所用的技术。","name":"米诺陶之心图纸","stack_number":99,"price":10,"usable":0,"icon":"11069","quality":4},"13049":{"type":3,"description":"全职业升阶5级材料","id":13049,"info":"来自超新星的启示。","name":"超新星之光","stack_number":99,"price":10,"usable":0,"icon":"13049","quality":6},"11056":{"type":3,"description":"制作独眼巨人人装备所需的卷轴","id":11056,"info":"记载独眼巨人制造装备所用的技术。","name":"独眼巨人之弓图纸","stack_number":99,"price":10,"usable":0,"icon":"11056","quality":3},"11207":{"type":3,"description":"制作诸神黄昏人装备所需的卷轴","id":11207,"info":"记载诸神殿制造装备所用的技术。","name":"诸神黄昏之杖图纸","stack_number":99,"price":10,"usable":0,"icon":"11207","quality":5},"15006":{"type":5,"description":"合成失败时将保护材料宝石不损毁","id":15006,"info":"赞美诸神！创造了如此神奇的宝石。","name":"庇护之印","stack_number":99,"price":10,"usable":0,"icon":"15006","quality":3},"15005":{"type":5,"description":"用来在人制造装备上打开第3个镶嵌孔","id":15005,"info":"罕见的钻头。","name":"高级金刚钻","stack_number":99,"price":10,"usable":0,"icon":"15005","quality":3},"11139":{"type":3,"description":"制作死神人装备所需的卷轴","id":11139,"info":"记载死神制造装备所用的技术。","name":"死神之心图纸","stack_number":99,"price":10,"usable":0,"icon":"11139","quality":5},"11079":{"type":3,"description":"制作海格力斯人装备所需的卷轴","id":11079,"info":"记载海格力斯制造装备所用的技术。","name":"海格力斯之心图纸","stack_number":99,"price":10,"usable":0,"icon":"11079","quality":4},"11206":{"type":3,"description":"制作诸神黄昏人装备所需的卷轴","id":11206,"info":"记载诸神殿制造装备所用的技术。","name":"诸神黄昏之弓图纸","stack_number":99,"price":10,"usable":0,"icon":"11206","quality":5},"15002":{"type":5,"description":"高级洗潜力道具","id":15002,"info":"受到女神的祝福，极大可能获得更好的潜力。","name":"女神的洗礼","stack_number":99,"price":10,"usable":0,"icon":"15002","quality":4},"11032":{"type":3,"description":"制作半人马人装备所需的卷轴","id":11032,"info":"记载半人马制造装备所用的技术。","name":"半人马之甲图纸","stack_number":99,"price":10,"usable":0,"icon":"11032","quality":2},"14022":{"type":4,"description":"战士技能【裁决之刃】的进阶卷轴","id":14022,"info":"记载终极审判技能的卷轴","name":"终极审判技能卷轴","stack_number":99,"price":10,"usable":0,"icon":"14022","quality":5},"14033":{"type":4,"description":"射手技能【绝望狙击】的进阶卷轴","id":14033,"info":"记载死神之吻技能的卷轴","name":"死神之吻技能卷轴","stack_number":99,"price":10,"usable":0,"icon":"14033","quality":5},"11102":{"type":3,"description":"制作芬里尔人装备所需的卷轴","id":11102,"info":"记载芬里尔制造装备所用的技术。","name":"芬里尔之甲图纸","stack_number":99,"price":10,"usable":0,"icon":"11102","quality":5},"11142":{"type":3,"description":"制作波塞冬人装备所需的卷轴","id":11142,"info":"记载波塞冬制造装备所用的技术。","name":"波塞冬之甲图纸","stack_number":99,"price":10,"usable":0,"icon":"11142","quality":5},"11078":{"type":3,"description":"制作海格力斯人装备所需的卷轴","id":11078,"info":"记载海格力斯制造装备所用的技术。","name":"海格力斯之眼图纸","stack_number":99,"price":10,"usable":0,"icon":"11078","quality":4},"14043":{"type":4,"description":"法师技能【极寒冰雪】的进阶卷轴","id":14043,"info":"记载绝对零度技能的卷轴","name":"绝对零度技能卷轴","stack_number":99,"price":10,"usable":0,"icon":"14043","quality":5},"14013":{"type":4,"description":"骑士技能【神圣冲击】的进阶卷轴","id":14013,"info":"记载诸神黄昏技能的卷轴","name":"诸神黄昏技能卷轴","stack_number":99,"price":10,"usable":0,"icon":"14013","quality":5},"11094":{"type":3,"description":"制作瓦尔基里人装备所需的卷轴","id":11094,"info":"记载瓦尔基里制造装备所用的技术。","name":"瓦尔基里之枪图纸","stack_number":99,"price":10,"usable":0,"icon":"11094","quality":4},"11119":{"type":3,"description":"制作阿特拉斯人装备所需的卷轴","id":11119,"info":"记载阿特拉斯制造装备所用的技术。","name":"阿特拉斯之心图纸","stack_number":99,"price":10,"usable":0,"icon":"11119","quality":5},"11195":{"type":3,"description":"制作克洛诺斯人装备所需的卷轴","id":11195,"info":"记载克洛诺斯制造装备所用的技术。","name":"克洛诺斯之剑图纸","stack_number":99,"price":10,"usable":0,"icon":"11195","quality":5},"14011":{"type":4,"description":"骑士技能【守护天神】的进阶卷轴","id":14011,"info":"记载末日庇护技能的卷轴","name":"末日庇护技能卷轴","stack_number":99,"price":10,"usable":0,"icon":"14011","quality":5},"11039":{"type":3,"description":"制作半人马人装备所需的卷轴","id":11039,"info":"记载半人马制造装备所用的技术。","name":"半人马之心图纸","stack_number":99,"price":10,"usable":0,"icon":"11039","quality":2},"11036":{"type":3,"description":"制作半人马人装备所需的卷轴","id":11036,"info":"记载半人马制造装备所用的技术。","name":"半人马之弓图纸","stack_number":99,"price":10,"usable":0,"icon":"11036","quality":2},"11205":{"type":3,"description":"制作诸神黄昏人装备所需的卷轴","id":11205,"info":"记载诸神殿制造装备所用的技术。","name":"诸神黄昏之剑图纸","stack_number":99,"price":10,"usable":0,"icon":"11205","quality":5},"11046":{"type":3,"description":"制作美杜莎人装备所需的卷轴","id":11046,"info":"记载美杜莎制造装备所用的技术。","name":"美杜莎之弓图纸","stack_number":99,"price":10,"usable":0,"icon":"11046","quality":3},"11034":{"type":3,"description":"制作半人马人装备所需的卷轴","id":11034,"info":"记载半人马制造装备所用的技术。","name":"半人马之枪图纸","stack_number":99,"price":10,"usable":0,"icon":"11034","quality":2},"11083":{"type":3,"description":"制作阿喀琉斯人装备所需的卷轴","id":11083,"info":"记载阿喀琉斯制造装备所用的技术。","name":"阿喀琉斯之靴图纸","stack_number":99,"price":10,"usable":0,"icon":"11083","quality":4},"13022":{"type":3,"description":"战士升阶3级材料","id":13022,"info":"英仙座对战士的认可。","name":"英仙座之力","stack_number":99,"price":10,"usable":0,"icon":"13022","quality":4},"15001":{"type":5,"description":"低级洗潜力道具","id":15001,"info":"受到精灵的祝福，有可能获得更好的潜力。","name":"精灵的洗礼","stack_number":99,"price":10,"usable":0,"icon":"15001","quality":2},"13008":{"type":3,"description":"全职业升阶1级材料","id":13008,"info":"青铜勇士的证明。","name":"青铜之证","stack_number":99,"price":10,"usable":0,"icon":"13008","quality":2},"14021":{"type":4,"description":"战士技能【王者之剑】的进阶卷轴","id":14021,"info":"记载弑神灭世技能的卷轴","name":"弑神灭世技能卷轴","stack_number":99,"price":10,"usable":0,"icon":"14021","quality":5},"11162":{"type":3,"description":"制作宙斯人装备所需的卷轴","id":11162,"info":"记载宙斯制造装备所用的技术。","name":"宙斯之甲图纸","stack_number":99,"price":10,"usable":0,"icon":"11162","quality":5},"11134":{"type":3,"description":"制作死神人装备所需的卷轴","id":11134,"info":"记载死神制造装备所用的技术。","name":"死神之枪图纸","stack_number":99,"price":10,"usable":0,"icon":"11134","quality":5},"13011":{"type":3,"description":"骑士升阶2级材料","id":13011,"info":"御夫座对骑士的认可。","name":"御夫座之守","stack_number":99,"price":10,"usable":0,"icon":"13011","quality":3},"13039":{"type":3,"description":"全职业升阶4级材料","id":13039,"info":"来自新星的启示。","name":"新星之光","stack_number":99,"price":10,"usable":0,"icon":"13039","quality":5},"11027":{"type":3,"description":"制作斯巴达人装备所需的卷轴","id":11027,"info":"记载斯巴达人制造装备所用的技术。","name":"斯巴达之杖图纸","stack_number":99,"price":10,"usable":0,"icon":"11027","quality":2},"13044":{"type":3,"description":"法师升阶5级材料","id":13044,"info":"水瓶座对法师的认可。","name":"水瓶座之灵","stack_number":99,"price":10,"usable":0,"icon":"13044","quality":6},"11071":{"type":3,"description":"制作海格力斯人装备所需的卷轴","id":11071,"info":"记载海格力斯制造装备所用的技术。","name":"海格力斯之盔图纸","stack_number":99,"price":10,"usable":0,"icon":"11071","quality":4},"11112":{"type":3,"description":"制作阿特拉斯人装备所需的卷轴","id":11112,"info":"记载阿特拉斯制造装备所用的技术。","name":"阿特拉斯之甲图纸","stack_number":99,"price":10,"usable":0,"icon":"11112","quality":5},"11192":{"type":3,"description":"制作克洛诺斯人装备所需的卷轴","id":11192,"info":"记载克洛诺斯制造装备所用的技术。","name":"克洛诺斯之甲图纸","stack_number":99,"price":10,"usable":0,"icon":"11192","quality":5},"11189":{"type":3,"description":"制作盖亚人装备所需的卷轴","id":11189,"info":"记载盖亚制造装备所用的技术。","name":"盖亚之心图纸","stack_number":99,"price":10,"usable":0,"icon":"11189","quality":5},"11118":{"type":3,"description":"制作阿特拉斯人装备所需的卷轴","id":11118,"info":"记载阿特拉斯制造装备所用的技术。","name":"阿特拉斯之眼图纸","stack_number":99,"price":10,"usable":0,"icon":"11118","quality":5},"13009":{"type":3,"description":"全职业升阶1级材料","id":13009,"info":"来自流星的启示。","name":"流星之光","stack_number":99,"price":10,"usable":0,"icon":"13009","quality":2},"11196":{"type":3,"description":"制作克洛诺斯人装备所需的卷轴","id":11196,"info":"记载克洛诺斯制造装备所用的技术。","name":"克洛诺斯之弓图纸","stack_number":99,"price":10,"usable":0,"icon":"11196","quality":5},"13048":{"type":3,"description":"全职业升阶5级材料","id":13048,"info":"海之勇士的证明。","name":"海之证","stack_number":99,"price":10,"usable":0,"icon":"13048","quality":6},"13038":{"type":3,"description":"全职业升阶4级材料","id":13038,"info":"神之勇士的证明。","name":"神之证","stack_number":99,"price":10,"usable":0,"icon":"13038","quality":5},"11133":{"type":3,"description":"制作死神人装备所需的卷轴","id":11133,"info":"记载死神制造装备所用的技术。","name":"死神之靴图纸","stack_number":99,"price":10,"usable":0,"icon":"11133","quality":5},"11201":{"type":3,"description":"制作诸神黄昏人装备所需的卷轴","id":11201,"info":"记载诸神殿制造装备所用的技术。","name":"诸神黄昏之盔图纸","stack_number":99,"price":10,"usable":0,"icon":"11201","quality":5},"13028":{"type":3,"description":"全职业升阶3级材料","id":13028,"info":"黄金勇士的证明。","name":"黄金之证","stack_number":99,"price":10,"usable":0,"icon":"13028","quality":4},"13004":{"type":3,"description":"法师升阶1级材料","id":13004,"info":"仙女座对法师的认可。","name":"仙女座之灵","stack_number":99,"price":10,"usable":0,"icon":"13004","quality":2},"13018":{"type":3,"description":"全职业升阶2级材料","id":13018,"info":"白银勇士的证明。","name":"白银之证","stack_number":99,"price":10,"usable":0,"icon":"13018","quality":3},"11117":{"type":3,"description":"制作阿特拉斯人装备所需的卷轴","id":11117,"info":"记载阿特拉斯制造装备所用的技术。","name":"阿特拉斯之杖图纸","stack_number":99,"price":10,"usable":0,"icon":"11117","quality":5},"13034":{"type":3,"description":"法师升阶4级材料","id":13034,"info":"天琴座对法师的认可。","name":"天琴座之灵","stack_number":99,"price":10,"usable":0,"icon":"13034","quality":5},"11115":{"type":3,"description":"制作阿特拉斯人装备所需的卷轴","id":11115,"info":"记载阿特拉斯制造装备所用的技术。","name":"阿特拉斯之剑图纸","stack_number":99,"price":10,"usable":0,"icon":"11115","quality":5},"13024":{"type":3,"description":"法师升阶3级材料","id":13024,"info":"凤凰座对法师的认可。","name":"凤凰座之灵","stack_number":99,"price":10,"usable":0,"icon":"13024","quality":4},"13014":{"type":3,"description":"法师升阶2级材料","id":13014,"info":"白鸟座对法师的认可。","name":"白鸟座之灵","stack_number":99,"price":10,"usable":0,"icon":"13014","quality":3},"11147":{"type":3,"description":"制作波塞冬人装备所需的卷轴","id":11147,"info":"记载波塞冬制造装备所用的技术。","name":"波塞冬之杖图纸","stack_number":99,"price":10,"usable":0,"icon":"11147","quality":5},"11116":{"type":3,"description":"制作阿特拉斯人装备所需的卷轴","id":11116,"info":"记载阿特拉斯制造装备所用的技术。","name":"阿特拉斯之弓图纸","stack_number":99,"price":10,"usable":0,"icon":"11116","quality":5},"11035":{"type":3,"description":"制作半人马人装备所需的卷轴","id":11035,"info":"记载半人马制造装备所用的技术。","name":"半人马之剑图纸","stack_number":99,"price":10,"usable":0,"icon":"11035","quality":2},"11136":{"type":3,"description":"制作死神人装备所需的卷轴","id":11136,"info":"记载死神制造装备所用的技术。","name":"死神之弓图纸","stack_number":99,"price":10,"usable":0,"icon":"11136","quality":5},"11049":{"type":3,"description":"制作美杜莎人装备所需的卷轴","id":11049,"info":"记载美杜莎制造装备所用的技术。","name":"美杜莎之心图纸","stack_number":99,"price":10,"usable":0,"icon":"11049","quality":3},"11184":{"type":3,"description":"制作盖亚人装备所需的卷轴","id":11184,"info":"记载盖亚制造装备所用的技术。","name":"盖亚之枪图纸","stack_number":99,"price":10,"usable":0,"icon":"11184","quality":5},"11096":{"type":3,"description":"制作瓦尔基里人装备所需的卷轴","id":11096,"info":"记载瓦尔基里制造装备所用的技术。","name":"瓦尔基里之弓图纸","stack_number":99,"price":10,"usable":0,"icon":"11096","quality":4},"11098":{"type":3,"description":"制作瓦尔基里人装备所需的卷轴","id":11098,"info":"记载瓦尔基里制造装备所用的技术。","name":"瓦尔基里之眼图纸","stack_number":99,"price":10,"usable":0,"icon":"11098","quality":4},"13043":{"type":3,"description":"射手升阶5级材料","id":13043,"info":"射手座对射手的认可。","name":"射手座之弦","stack_number":99,"price":10,"usable":0,"icon":"13043","quality":6},"11057":{"type":3,"description":"制作独眼巨人人装备所需的卷轴","id":11057,"info":"记载独眼巨人制造装备所用的技术。","name":"独眼巨人之杖图纸","stack_number":99,"price":10,"usable":0,"icon":"11057","quality":3},"13013":{"type":3,"description":"射手升阶2级材料","id":13013,"info":"天鹰座对射手的认可。","name":"天鹰座之弦","stack_number":99,"price":10,"usable":0,"icon":"13013","quality":3},"11089":{"type":3,"description":"制作阿喀琉斯人装备所需的卷轴","id":11089,"info":"记载阿喀琉斯制造装备所用的技术。","name":"阿喀琉斯之心图纸","stack_number":99,"price":10,"usable":0,"icon":"11089","quality":4},"11165":{"type":3,"description":"制作宙斯人装备所需的卷轴","id":11165,"info":"记载宙斯制造装备所用的技术。","name":"宙斯之剑图纸","stack_number":99,"price":10,"usable":0,"icon":"11165","quality":5},"11161":{"type":3,"description":"制作宙斯人装备所需的卷轴","id":11161,"info":"记载宙斯制造装备所用的技术。","name":"宙斯之盔图纸","stack_number":99,"price":10,"usable":0,"icon":"11161","quality":5},"14023":{"type":4,"description":"战士技能【横扫千军】的进阶卷轴","id":14023,"info":"记载诸神之怒技能的卷轴","name":"诸神之怒技能卷轴","stack_number":99,"price":10,"usable":0,"icon":"14023","quality":5},"13032":{"type":3,"description":"战士升阶4级材料","id":13032,"info":"天马座对战士的认可。","name":"天马座之力","stack_number":99,"price":10,"usable":0,"icon":"13032","quality":5},"11202":{"type":3,"description":"制作诸神黄昏人装备所需的卷轴","id":11202,"info":"记载诸神殿制造装备所用的技术。","name":"诸神黄昏之甲图纸","stack_number":99,"price":10,"usable":0,"icon":"11202","quality":5},"11154":{"type":3,"description":"制作哈迪斯人装备所需的卷轴","id":11154,"info":"记载哈迪斯制造装备所用的技术。","name":"哈迪斯之枪图纸","stack_number":99,"price":10,"usable":0,"icon":"11154","quality":5},"11101":{"type":3,"description":"制作芬里尔人装备所需的卷轴","id":11101,"info":"记载芬里尔制造装备所用的技术。","name":"芬里尔之盔图纸","stack_number":99,"price":10,"usable":0,"icon":"11101","quality":5},"11093":{"type":3,"description":"制作瓦尔基里人装备所需的卷轴","id":11093,"info":"记载瓦尔基里制造装备所用的技术。","name":"瓦尔基里之靴图纸","stack_number":99,"price":10,"usable":0,"icon":"11093","quality":4},"13002":{"type":3,"description":"战士升阶1级材料","id":13002,"info":"幼狮座对战士的认可。","name":"幼狮座之力","stack_number":99,"price":10,"usable":0,"icon":"13002","quality":2},"13041":{"type":3,"description":"骑士升阶5级材料","id":13041,"info":"天秤座对骑士的认可。","name":"天秤座之守","stack_number":99,"price":10,"usable":0,"icon":"13041","quality":6},"11203":{"type":3,"description":"制作诸神黄昏人装备所需的卷轴","id":11203,"info":"记载诸神殿制造装备所用的技术。","name":"诸神黄昏之靴图纸","stack_number":99,"price":10,"usable":0,"icon":"11203","quality":5},"11208":{"type":3,"description":"制作诸神黄昏人装备所需的卷轴","id":11208,"info":"记载诸神殿制造装备所用的技术。","name":"诸神黄昏之眼图纸","stack_number":99,"price":10,"usable":0,"icon":"11208","quality":5},"11176":{"type":3,"description":"制作奥丁人装备所需的卷轴","id":11176,"info":"记载奥丁制造装备所用的技术。","name":"奥丁之弓图纸","stack_number":99,"price":10,"usable":0,"icon":"11176","quality":5},"11047":{"type":3,"description":"制作美杜莎人装备所需的卷轴","id":11047,"info":"记载美杜莎制造装备所用的技术。","name":"美杜莎之杖图纸","stack_number":99,"price":10,"usable":0,"icon":"11047","quality":3},"11054":{"type":3,"description":"制作独眼巨人人装备所需的卷轴","id":11054,"info":"记载独眼巨人制造装备所用的技术。","name":"独眼巨人之枪图纸","stack_number":99,"price":10,"usable":0,"icon":"11054","quality":3},"11025":{"type":3,"description":"制作斯巴达人装备所需的卷轴","id":11025,"info":"记载斯巴达人制造装备所用的技术。","name":"斯巴达之剑图纸","stack_number":99,"price":10,"usable":0,"icon":"11025","quality":2},"11063":{"type":3,"description":"制作米诺陶人装备所需的卷轴","id":11063,"info":"记载米诺陶制造装备所用的技术。","name":"米诺陶之靴图纸","stack_number":99,"price":10,"usable":0,"icon":"11063","quality":4},"11108":{"type":3,"description":"制作芬里尔人装备所需的卷轴","id":11108,"info":"记载芬里尔制造装备所用的技术。","name":"芬里尔之眼图纸","stack_number":99,"price":10,"usable":0,"icon":"11108","quality":5},"14041":{"type":4,"description":"法师技能【炼狱狂雷】的进阶卷轴","id":14041,"info":"记载电磁黑洞技能的卷轴","name":"电磁黑洞技能卷轴","stack_number":99,"price":10,"usable":0,"icon":"14041","quality":5},"11198":{"type":3,"description":"制作克洛诺斯人装备所需的卷轴","id":11198,"info":"记载克洛诺斯制造装备所用的技术。","name":"克洛诺斯之眼图纸","stack_number":99,"price":10,"usable":0,"icon":"11198","quality":5},"11042":{"type":3,"description":"制作美杜莎人装备所需的卷轴","id":11042,"info":"记载美杜莎制造装备所用的技术。","name":"美杜莎之甲图纸","stack_number":99,"price":10,"usable":0,"icon":"11042","quality":3},"11197":{"type":3,"description":"制作克洛诺斯人装备所需的卷轴","id":11197,"info":"记载克洛诺斯制造装备所用的技术。","name":"克洛诺斯之杖图纸","stack_number":99,"price":10,"usable":0,"icon":"11197","quality":5},"11188":{"type":3,"description":"制作盖亚人装备所需的卷轴","id":11188,"info":"记载盖亚制造装备所用的技术。","name":"盖亚之眼图纸","stack_number":99,"price":10,"usable":0,"icon":"11188","quality":5},"11052":{"type":3,"description":"制作独眼巨人人装备所需的卷轴","id":11052,"info":"记载独眼巨人制造装备所用的技术。","name":"独眼巨人之甲图纸","stack_number":99,"price":10,"usable":0,"icon":"11052","quality":3},"11187":{"type":3,"description":"制作盖亚人装备所需的卷轴","id":11187,"info":"记载盖亚制造装备所用的技术。","name":"盖亚之杖图纸","stack_number":99,"price":10,"usable":0,"icon":"11187","quality":5},"11179":{"type":3,"description":"制作奥丁人装备所需的卷轴","id":11179,"info":"记载奥丁制造装备所用的技术。","name":"奥丁之心图纸","stack_number":99,"price":10,"usable":0,"icon":"11179","quality":5},"11178":{"type":3,"description":"制作奥丁人装备所需的卷轴","id":11178,"info":"记载奥丁制造装备所用的技术。","name":"奥丁之眼图纸","stack_number":99,"price":10,"usable":0,"icon":"11178","quality":5},"11177":{"type":3,"description":"制作奥丁人装备所需的卷轴","id":11177,"info":"记载奥丁制造装备所用的技术。","name":"奥丁之杖图纸","stack_number":99,"price":10,"usable":0,"icon":"11177","quality":5},"11092":{"type":3,"description":"制作瓦尔基里人装备所需的卷轴","id":11092,"info":"记载瓦尔基里制造装备所用的技术。","name":"瓦尔基里之甲图纸","stack_number":99,"price":10,"usable":0,"icon":"11092","quality":4},"11105":{"type":3,"description":"制作芬里尔人装备所需的卷轴","id":11105,"info":"记载芬里尔制造装备所用的技术。","name":"芬里尔之剑图纸","stack_number":99,"price":10,"usable":0,"icon":"11105","quality":5},"11168":{"type":3,"description":"制作宙斯人装备所需的卷轴","id":11168,"info":"记载宙斯制造装备所用的技术。","name":"宙斯之眼图纸","stack_number":99,"price":10,"usable":0,"icon":"11168","quality":5},"11163":{"type":3,"description":"制作宙斯人装备所需的卷轴","id":11163,"info":"记载宙斯制造装备所用的技术。","name":"宙斯之靴图纸","stack_number":99,"price":10,"usable":0,"icon":"11163","quality":5},"11086":{"type":3,"description":"制作阿喀琉斯人装备所需的卷轴","id":11086,"info":"记载阿喀琉斯制造装备所用的技术。","name":"阿喀琉斯之弓图纸","stack_number":99,"price":10,"usable":0,"icon":"11086","quality":4},"11159":{"type":3,"description":"制作哈迪斯人装备所需的卷轴","id":11159,"info":"记载哈迪斯制造装备所用的技术。","name":"哈迪斯之心图纸","stack_number":99,"price":10,"usable":0,"icon":"11159","quality":5},"11095":{"type":3,"description":"制作瓦尔基里人装备所需的卷轴","id":11095,"info":"记载瓦尔基里制造装备所用的技术。","name":"瓦尔基里之剑图纸","stack_number":99,"price":10,"usable":0,"icon":"11095","quality":4},"11158":{"type":3,"description":"制作哈迪斯人装备所需的卷轴","id":11158,"info":"记载哈迪斯制造装备所用的技术。","name":"哈迪斯之眼图纸","stack_number":99,"price":10,"usable":0,"icon":"11158","quality":5},"11037":{"type":3,"description":"制作半人马人装备所需的卷轴","id":11037,"info":"记载半人马制造装备所用的技术。","name":"半人马之杖图纸","stack_number":99,"price":10,"usable":0,"icon":"11037","quality":2},"11141":{"type":3,"description":"制作波塞冬人装备所需的卷轴","id":11141,"info":"记载波塞冬制造装备所用的技术。","name":"波塞冬之盔图纸","stack_number":99,"price":10,"usable":0,"icon":"11141","quality":5},"11148":{"type":3,"description":"制作波塞冬人装备所需的卷轴","id":11148,"info":"记载波塞冬制造装备所用的技术。","name":"波塞冬之眼图纸","stack_number":99,"price":10,"usable":0,"icon":"11148","quality":5},"11155":{"type":3,"description":"制作哈迪斯人装备所需的卷轴","id":11155,"info":"记载哈迪斯制造装备所用的技术。","name":"哈迪斯之剑图纸","stack_number":99,"price":10,"usable":0,"icon":"11155","quality":5},"11144":{"type":3,"description":"制作波塞冬人装备所需的卷轴","id":11144,"info":"记载波塞冬制造装备所用的技术。","name":"波塞冬之枪图纸","stack_number":99,"price":10,"usable":0,"icon":"11144","quality":5},"11181":{"type":3,"description":"制作盖亚人装备所需的卷轴","id":11181,"info":"记载盖亚制造装备所用的技术。","name":"盖亚之盔图纸","stack_number":99,"price":10,"usable":0,"icon":"11181","quality":5},"11062":{"type":3,"description":"制作米诺陶人装备所需的卷轴","id":11062,"info":"记载米诺陶制造装备所用的技术。","name":"米诺陶之甲图纸","stack_number":99,"price":10,"usable":0,"icon":"11062","quality":4},"15004":{"type":5,"description":"用来在人制造装备上打开第1、2个镶嵌孔","id":15004,"info":"坚硬的钻头。","name":"金刚钻","stack_number":99,"price":10,"usable":0,"icon":"15004","quality":2},"11113":{"type":3,"description":"制作阿特拉斯人装备所需的卷轴","id":11113,"info":"记载阿特拉斯制造装备所用的技术。","name":"阿特拉斯之靴图纸","stack_number":99,"price":10,"usable":0,"icon":"11113","quality":5},"11091":{"type":3,"description":"制作瓦尔基里人装备所需的卷轴","id":11091,"info":"记载瓦尔基里制造装备所用的技术。","name":"瓦尔基里之盔图纸","stack_number":99,"price":10,"usable":0,"icon":"11091","quality":4},"11075":{"type":3,"description":"制作海格力斯人装备所需的卷轴","id":11075,"info":"记载海格力斯制造装备所用的技术。","name":"海格力斯之剑图纸","stack_number":99,"price":10,"usable":0,"icon":"11075","quality":4},"11023":{"type":3,"description":"制作斯巴达人装备所需的卷轴","id":11023,"info":"记载斯巴达人制造装备所用的技术。","name":"斯巴达之靴图纸","stack_number":99,"price":10,"usable":0,"icon":"11023","quality":2},"11055":{"type":3,"description":"制作独眼巨人人装备所需的卷轴","id":11055,"info":"记载独眼巨人制造装备所用的技术。","name":"独眼巨人之剑图纸","stack_number":99,"price":10,"usable":0,"icon":"11055","quality":3},"11088":{"type":3,"description":"制作阿喀琉斯人装备所需的卷轴","id":11088,"info":"记载阿喀琉斯制造装备所用的技术。","name":"阿喀琉斯之眼图纸","stack_number":99,"price":10,"usable":0,"icon":"11088","quality":4},"11081":{"type":3,"description":"制作阿喀琉斯人装备所需的卷轴","id":11081,"info":"记载阿喀琉斯制造装备所用的技术。","name":"阿喀琉斯之盔图纸","stack_number":99,"price":10,"usable":0,"icon":"11081","quality":4},"11129":{"type":3,"description":"制作复仇女神人装备所需的卷轴","id":11129,"info":"记载复仇女神制造装备所用的技术。","name":"复仇女神之心图纸","stack_number":99,"price":10,"usable":0,"icon":"11129","quality":5},"11127":{"type":3,"description":"制作复仇女神人装备所需的卷轴","id":11127,"info":"记载复仇女神制造装备所用的技术。","name":"复仇女神之杖图纸","stack_number":99,"price":10,"usable":0,"icon":"11127","quality":5},"13019":{"type":3,"description":"全职业升阶2级材料","id":13019,"info":"来自彗星的启示。","name":"彗星之光","stack_number":99,"price":10,"usable":0,"icon":"13019","quality":3},"11087":{"type":3,"description":"制作阿喀琉斯人装备所需的卷轴","id":11087,"info":"记载阿喀琉斯制造装备所用的技术。","name":"阿喀琉斯之杖图纸","stack_number":99,"price":10,"usable":0,"icon":"11087","quality":4},"11076":{"type":3,"description":"制作海格力斯人装备所需的卷轴","id":11076,"info":"记载海格力斯制造装备所用的技术。","name":"海格力斯之弓图纸","stack_number":99,"price":10,"usable":0,"icon":"11076","quality":4},"14012":{"type":4,"description":"骑士技能【移动要塞】的进阶卷轴","id":14012,"info":"记载星辰守卫技能的卷轴","name":"星辰守卫技能卷轴","stack_number":99,"price":10,"usable":0,"icon":"14012","quality":5},"11107":{"type":3,"description":"制作芬里尔人装备所需的卷轴","id":11107,"info":"记载芬里尔制造装备所用的技术。","name":"芬里尔之杖图纸","stack_number":99,"price":10,"usable":0,"icon":"11107","quality":5},"13003":{"type":3,"description":"射手升阶1级材料","id":13003,"info":"猎户座对射手的认可。","name":"猎户座之弦","stack_number":99,"price":10,"usable":0,"icon":"13003","quality":2},"14031":{"type":4,"description":"射手技能【巨龙之击】的进阶卷轴","id":14031,"info":"记载泰坦之击技能的卷轴","name":"泰坦之击技能卷轴","stack_number":99,"price":10,"usable":0,"icon":"14031","quality":5},"11059":{"type":3,"description":"制作独眼巨人人装备所需的卷轴","id":11059,"info":"记载独眼巨人制造装备所用的技术。","name":"独眼巨人之心图纸","stack_number":99,"price":10,"usable":0,"icon":"11059","quality":3},"11077":{"type":3,"description":"制作海格力斯人装备所需的卷轴","id":11077,"info":"记载海格力斯制造装备所用的技术。","name":"海格力斯之杖图纸","stack_number":99,"price":10,"usable":0,"icon":"11077","quality":4},"11068":{"type":3,"description":"制作米诺陶人装备所需的卷轴","id":11068,"info":"记载米诺陶制造装备所用的技术。","name":"米诺陶之眼图纸","stack_number":99,"price":10,"usable":0,"icon":"11068","quality":4},"11033":{"type":3,"description":"制作半人马人装备所需的卷轴","id":11033,"info":"记载半人马制造装备所用的技术。","name":"半人马之靴图纸","stack_number":99,"price":10,"usable":0,"icon":"11033","quality":2},"11073":{"type":3,"description":"制作海格力斯人装备所需的卷轴","id":11073,"info":"记载海格力斯制造装备所用的技术。","name":"海格力斯之靴图纸","stack_number":99,"price":10,"usable":0,"icon":"11073","quality":4},"11044":{"type":3,"description":"制作美杜莎人装备所需的卷轴","id":11044,"info":"记载美杜莎制造装备所用的技术。","name":"美杜莎之枪图纸","stack_number":99,"price":10,"usable":0,"icon":"11044","quality":3},"11072":{"type":3,"description":"制作海格力斯人装备所需的卷轴","id":11072,"info":"记载海格力斯制造装备所用的技术。","name":"海格力斯之甲图纸","stack_number":99,"price":10,"usable":0,"icon":"11072","quality":4},"11185":{"type":3,"description":"制作盖亚人装备所需的卷轴","id":11185,"info":"记载盖亚制造装备所用的技术。","name":"盖亚之剑图纸","stack_number":99,"price":10,"usable":0,"icon":"11185","quality":5},"11194":{"type":3,"description":"制作克洛诺斯人装备所需的卷轴","id":11194,"info":"记载克洛诺斯制造装备所用的技术。","name":"克洛诺斯之枪图纸","stack_number":99,"price":10,"usable":0,"icon":"11194","quality":5},"11124":{"type":3,"description":"制作复仇女神人装备所需的卷轴","id":11124,"info":"记载复仇女神制造装备所用的技术。","name":"复仇女神之枪图纸","stack_number":99,"price":10,"usable":0,"icon":"11124","quality":5},"11126":{"type":3,"description":"制作复仇女神人装备所需的卷轴","id":11126,"info":"记载复仇女神制造装备所用的技术。","name":"复仇女神之弓图纸","stack_number":99,"price":10,"usable":0,"icon":"11126","quality":5},"11109":{"type":3,"description":"制作芬里尔人装备所需的卷轴","id":11109,"info":"记载芬里尔制造装备所用的技术。","name":"芬里尔之心图纸","stack_number":99,"price":10,"usable":0,"icon":"11109","quality":5},"11131":{"type":3,"description":"制作死神人装备所需的卷轴","id":11131,"info":"记载死神制造装备所用的技术。","name":"死神之盔图纸","stack_number":99,"price":10,"usable":0,"icon":"11131","quality":5},"11172":{"type":3,"description":"制作奥丁人装备所需的卷轴","id":11172,"info":"记载奥丁制造装备所用的技术。","name":"奥丁之甲图纸","stack_number":99,"price":10,"usable":0,"icon":"11172","quality":5},"11125":{"type":3,"description":"制作复仇女神人装备所需的卷轴","id":11125,"info":"记载复仇女神制造装备所用的技术。","name":"复仇女神之剑图纸","stack_number":99,"price":10,"usable":0,"icon":"11125","quality":5},"11123":{"type":3,"description":"制作复仇女神人装备所需的卷轴","id":11123,"info":"记载复仇女神制造装备所用的技术。","name":"复仇女神之靴图纸","stack_number":99,"price":10,"usable":0,"icon":"11123","quality":5},"11173":{"type":3,"description":"制作奥丁人装备所需的卷轴","id":11173,"info":"记载奥丁制造装备所用的技术。","name":"奥丁之靴图纸","stack_number":99,"price":10,"usable":0,"icon":"11173","quality":5},"11028":{"type":3,"description":"制作斯巴达人装备所需的卷轴","id":11028,"info":"记载斯巴达人制造装备所用的技术。","name":"斯巴达之眼图纸","stack_number":99,"price":10,"usable":0,"icon":"11028","quality":2},"11058":{"type":3,"description":"制作独眼巨人人装备所需的卷轴","id":11058,"info":"记载独眼巨人制造装备所用的技术。","name":"独眼巨人之眼图纸","stack_number":99,"price":10,"usable":0,"icon":"11058","quality":3},"11084":{"type":3,"description":"制作阿喀琉斯人装备所需的卷轴","id":11084,"info":"记载阿喀琉斯制造装备所用的技术。","name":"阿喀琉斯之枪图纸","stack_number":99,"price":10,"usable":0,"icon":"11084","quality":4},"11171":{"type":3,"description":"制作奥丁人装备所需的卷轴","id":11171,"info":"记载奥丁制造装备所用的技术。","name":"奥丁之盔图纸","stack_number":99,"price":10,"usable":0,"icon":"11171","quality":5},"11103":{"type":3,"description":"制作芬里尔人装备所需的卷轴","id":11103,"info":"记载芬里尔制造装备所用的技术。","name":"芬里尔之靴图纸","stack_number":99,"price":10,"usable":0,"icon":"11103","quality":5},"11066":{"type":3,"description":"制作米诺陶人装备所需的卷轴","id":11066,"info":"记载米诺陶制造装备所用的技术。","name":"米诺陶之弓图纸","stack_number":99,"price":10,"usable":0,"icon":"11066","quality":4},"11051":{"type":3,"description":"制作独眼巨人人装备所需的卷轴","id":11051,"info":"记载独眼巨人制造装备所用的技术。","name":"独眼巨人之盔图纸","stack_number":99,"price":10,"usable":0,"icon":"11051","quality":3},"13023":{"type":3,"description":"射手升阶3级材料","id":13023,"info":"天箭座对射手的认可。","name":"天箭座之弦","stack_number":99,"price":10,"usable":0,"icon":"13023","quality":4},"11038":{"type":3,"description":"制作半人马人装备所需的卷轴","id":11038,"info":"记载半人马制造装备所用的技术。","name":"半人马之眼图纸","stack_number":99,"price":10,"usable":0,"icon":"11038","quality":2},"13042":{"type":3,"description":"战士升阶5级材料","id":13042,"info":"狮子座对战士的认可。","name":"狮子座之力","stack_number":99,"price":10,"usable":0,"icon":"13042","quality":6},"13012":{"type":3,"description":"战士升阶2级材料","id":13012,"info":"武仙座对战士的认可。","name":"武仙座之力","stack_number":99,"price":10,"usable":0,"icon":"13012","quality":3},"11175":{"type":3,"description":"制作奥丁人装备所需的卷轴","id":11175,"info":"记载奥丁制造装备所用的技术。","name":"奥丁之剑图纸","stack_number":99,"price":10,"usable":0,"icon":"11175","quality":5},"11166":{"type":3,"description":"制作宙斯人装备所需的卷轴","id":11166,"info":"记载宙斯制造装备所用的技术。","name":"宙斯之弓图纸","stack_number":99,"price":10,"usable":0,"icon":"11166","quality":5},"11191":{"type":3,"description":"制作克洛诺斯人装备所需的卷轴","id":11191,"info":"记载克洛诺斯制造装备所用的技术。","name":"克洛诺斯之盔图纸","stack_number":99,"price":10,"usable":0,"icon":"11191","quality":5},"15003":{"type":5,"description":"用来拆除人制造装备上的宝石","id":15003,"info":"强力的钳子。","name":"拆卸钳","stack_number":99,"price":10,"usable":0,"icon":"15003","quality":3},"13029":{"type":3,"description":"全职业升阶3级材料","id":13029,"info":"来自惑星的启示。","name":"惑星之光","stack_number":99,"price":10,"usable":0,"icon":"13029","quality":4},"11137":{"type":3,"description":"制作死神人装备所需的卷轴","id":11137,"info":"记载死神制造装备所用的技术。","name":"死神之杖图纸","stack_number":99,"price":10,"usable":0,"icon":"11137","quality":5},"13031":{"type":3,"description":"骑士升阶4级材料","id":13031,"info":"巨爵座对骑士的认可。","name":"巨爵座之守","stack_number":99,"price":10,"usable":0,"icon":"13031","quality":5},"11104":{"type":3,"description":"制作芬里尔人装备所需的卷轴","id":11104,"info":"记载芬里尔制造装备所用的技术。","name":"芬里尔之枪图纸","stack_number":99,"price":10,"usable":0,"icon":"11104","quality":5},"11067":{"type":3,"description":"制作米诺陶人装备所需的卷轴","id":11067,"info":"记载米诺陶制造装备所用的技术。","name":"米诺陶之杖图纸","stack_number":99,"price":10,"usable":0,"icon":"11067","quality":4},"11146":{"type":3,"description":"制作波塞冬人装备所需的卷轴","id":11146,"info":"记载波塞冬制造装备所用的技术。","name":"波塞冬之弓图纸","stack_number":99,"price":10,"usable":0,"icon":"11146","quality":5},"11169":{"type":3,"description":"制作宙斯人装备所需的卷轴","id":11169,"info":"记载宙斯制造装备所用的技术。","name":"宙斯之心图纸","stack_number":99,"price":10,"usable":0,"icon":"11169","quality":5},"11122":{"type":3,"description":"制作复仇女神人装备所需的卷轴","id":11122,"info":"记载复仇女神制造装备所用的技术。","name":"复仇女神之甲图纸","stack_number":99,"price":10,"usable":0,"icon":"11122","quality":5},"13021":{"type":3,"description":"骑士升阶3级材料","id":13021,"info":"盾牌座对骑士的认可。","name":"盾牌座之守","stack_number":99,"price":10,"usable":0,"icon":"13021","quality":4},"11106":{"type":3,"description":"制作芬里尔人装备所需的卷轴","id":11106,"info":"记载芬里尔制造装备所用的技术。","name":"芬里尔之弓图纸","stack_number":99,"price":10,"usable":0,"icon":"11106","quality":5},"11061":{"type":3,"description":"制作米诺陶人装备所需的卷轴","id":11061,"info":"记载米诺陶制造装备所用的技术。","name":"米诺陶之盔图纸","stack_number":99,"price":10,"usable":0,"icon":"11061","quality":4},"11167":{"type":3,"description":"制作宙斯人装备所需的卷轴","id":11167,"info":"记载宙斯制造装备所用的技术。","name":"宙斯之杖图纸","stack_number":99,"price":10,"usable":0,"icon":"11167","quality":5},"11121":{"type":3,"description":"制作复仇女神人装备所需的卷轴","id":11121,"info":"记载复仇女神制造装备所用的技术。","name":"复仇女神之盔图纸","stack_number":99,"price":10,"usable":0,"icon":"11121","quality":5},"14032":{"type":4,"description":"射手技能【九星凌日】的进阶卷轴","id":14032,"info":"记载群星陨落技能的卷轴","name":"群星陨落技能卷轴","stack_number":99,"price":10,"usable":0,"icon":"14032","quality":5},"11026":{"type":3,"description":"制作斯巴达人装备所需的卷轴","id":11026,"info":"记载斯巴达人制造装备所用的技术。","name":"斯巴达之弓图纸","stack_number":99,"price":10,"usable":0,"icon":"11026","quality":2},"11138":{"type":3,"description":"制作死神人装备所需的卷轴","id":11138,"info":"记载死神制造装备所用的技术。","name":"死神之眼图纸","stack_number":99,"price":10,"usable":0,"icon":"11138","quality":5},"11085":{"type":3,"description":"制作阿喀琉斯人装备所需的卷轴","id":11085,"info":"记载阿喀琉斯制造装备所用的技术。","name":"阿喀琉斯之剑图纸","stack_number":99,"price":10,"usable":0,"icon":"11085","quality":4},"11114":{"type":3,"description":"制作阿特拉斯人装备所需的卷轴","id":11114,"info":"记载阿特拉斯制造装备所用的技术。","name":"阿特拉斯之枪图纸","stack_number":99,"price":10,"usable":0,"icon":"11114","quality":5},"11043":{"type":3,"description":"制作美杜莎人装备所需的卷轴","id":11043,"info":"记载美杜莎制造装备所用的技术。","name":"美杜莎之靴图纸","stack_number":99,"price":10,"usable":0,"icon":"11043","quality":3}}